Abita Brewing|BBE5WM|Covington|Louisiana
People's Pint|loSfjp|Greenfield|Massachusetts
Alaskan Brewing|VPHkaP|Juneau|Alaska
Barley Creek Brewing|yAvTZ6|Tannersville|Pennsylvania
Anchor Brewing|6PBXvz|San Francisco|California
Atlanta Brewing|NB1gDW|Atlanta|Georgia
Avery Brewing|Jio9R0|Boulder|Colorado
Flying Fish Brewing|M5zcKb|Cherry Hill|New Jersey
Smuttynose Brewing|v0MKXA|Portsmouth|New Hampshire
BridgePort Brewing|b7IGo3|Portland|Oregon
Boulevard Brewing|VDMEV7|Kansas City|Missouri
Portland Brewing|RvOc0i|Portland|Oregon
Boston Beer|eGBo2o|Boston|Massachusetts
Sweetwater Brewing|5gKuQT|Atlanta|Georgia
Speakeasy Ales and Lagers|QPe57Z|San Francisco|California
Butte Creek Brewing|ckRH9f|Chico|California
Flat Branch Brewing|Yb2ieo|Columbia|Missouri
Anderson Valley Brewing|L2dAEr|Boonville|California
Hoppy Brewing|YP7CZW|Sacramento|California
Mendocino Brewing|TR98tr|Hopland|California
Sierra Nevada Brewing|nHLlnK|Chico|California
St. Stans Brewing|bQ8Tb6|Modesto|California
Miller Brewing|MWi5Kp|Milwaukee|Wisconsin
Stone Brewing|XzaYbl|Escondido|California
New Belgium Brewing|Jt43j7|Fort Collins|Colorado
Left Hand Brewing|Ro08YF|Longmont|Colorado
Capitol City Brewing|Vq0Dad|Washington|Washington DC
Anheuser-Busch|BznahA|St. Louis|Missouri
Great Northern Brewing|W7ebLD|Whitefish|Montana
River Horse Brewing|sYdp0k|Lambertville|New Jersey
Brooklyn Brewery|4OBVPn|Brooklyn|New York
Middle Ages Brewing|ecNEQD|Syracuse|New York
Matt Brewing|URANPF|Utica|New York
Full Sail Brewing|KmAbWk|Hood River|Oregon
Hair of the Dog Brewing|PrX8es|Portland|Oregon
Rogue Ales|X0l98q|Newport|Oregon
Widmer Brothers Brewing|8wcv7h|Portland|Oregon
Iron City Brewing|O2ScDy|Pittsburgh|Pennsylvania
Victory Brewing|VoKbnS|Downingtown|Pennsylvania
Redhook Brewery|YKa9wh|Woodinville|Washington
North Coast Brewing|yLBNrD|Fort Bragg|California
Flying Dog Brewery|jmGoBA|Frederick|Maryland
Harpoon Brewery|RzvedX|Boston|Massachusetts
Coors Brewing|tRkMoN|Golden|Colorado
Bohemian Brewery|h6xAmH|Salt Lake City|Utah
August Schell Brewing|E8C6fp|New Ulm|Minnesota
Goose Island Beer|APW1BC|Chicago|Illinois
Faust Brewing|PRWhwP|New Braunfels|Texas
Capital Brewery|tWHPRC|Middleton|Wisconsin
Yuengling|pX8lES|Pottsville|Pennsylvania
Live Oak Brewing|ZX0hI5|Austin|Texas
Real Ale Brewing|E6WUse|Blanco|Texas
Spoetzl Brewery|f35hQR|Shiner|Texas
Pyramid Breweries|By7ytz|Portland|Oregon
Lakefront Brewery|Gcm31t|Milwaukee|Wisconsin
Leinenkugel Brewing|ZDghkK|Chippewa Falls|Wisconsin
Yards Brewing|jwWiTH|Philadelphia|Pennsylvania
Diamond Knot Brewery|1Ybxin|Mukilteo|Washington
Lancaster Brewing|VGDfKl|Lancaster|Pennsylvania
Long Trail Brewing|2ntvtp|Bridgewater Corners|Vermont
Shipyard Brewing|5N0usi|Portland|Maine
Big Time|17tUiZ|Seattle|Washington
Hornsbys Pubdrafts Ltd.|dzjFKh|Modesto|California
Pike Pub & Brewery|56YMAb|Seattle|Washington
Legend Brewing|BhfQBs|Richmond|Virginia
Dogfish Head Brewery|g0jHqt|Milton|Delaware
Dillon Dam Brewery|79E0Ty|Dillon|Colorado
Troegs Brewing|n5QFi2|Harrisburg|Pennsylvania
Great Lakes Brewing|uSFO4T|Cleveland|Ohio
City Brewery|tIgHYj|La Crosse|Wisconsin
Magic Hat Brewing|qIqpZc|South Burlington|Vermont
Marin Brewing|74gxr9|Larkspur|California
Saint Arnold Brewing|H3UW27|Houston|Texas
Snoqualmie Falls Brewing|N7gSdA|Snoqualmie|Washington
Lion Brewery|rcfqNT|Wilkes-Barre|Pennsylvania
Sprecher Brewing|tgXJjJ|Glendale|Wisconsin
Three Floyds Brewing|iodDki|Munster|Indiana
Bells Brewery|q6vJUK|Kalamazoo|Michigan
Deschutes Brewery|YHij73|Bend|Oregon
Flossmoor Station|0D7L7l|Flossmoor|Illinois
Bayern Brewing|0JJzXl|Missoula|Montana
Weyerbacher Brewing|a57dkm|Easton|Pennsylvania
Four Peaks Brewing|XHDhqx|Tempe|Arizona
Bison Brewing|7SY01j|Berkeley|California
Magnolia Pub and Brewery|ScZdj3|San Francisco|California
Third Street Aleworks|0uIMq6|Santa Rosa|California
Big Horn Brewing|JY4SOB||
Atlantic Brewing|zUkUMx|Bar Harbor|Maine
Shenandoah Brewing|XlzQjI|Alexandria|Virginia
John Harvard's|z2MPZY|Cambridge|Massachusetts
Old Dominion Brewing|xG9JyI|Dover|Delaware
Jack Russell Brewing|KaF5RS|Camino|California
Estes Park Brewery|ZurjSf|Estes Park|Colorado
Southend Brewery & Smokehouse|iVJECx|Charleston|South Carolina
Alcatraz Brewing|XIPWtQ|Indianapolis|Indiana
Bear Republic|5tw2Iw|Healdsburg|California
Just Beer|bevQW2|Westport|Massachusetts
Casco Bay Brewing|lV8gC4|Portland|Maine
Great Adirondack Brewing|3A5MHE|Lake Placid|New York
Great Divide Brewing|I8WZv2|Denver|Colorado
J.J. Bitting Brewing|VlTAxo|Woodbridge|New Jersey
Millstream Brewing|bA9hdh|Amana|Iowa
Big Rock Chop House & Brewery|tc0H6U|Birmingham|Michigan
Motor City Brewing Works|PS0Uh7|Detroit|Michigan
Newport Beach Brewing|TU0ZjV|Newport Beach|California
Oaken Barrel|lq8HX0|Greenwood|Indiana
Grand Teton Brewing|UdZgFF|Victor|Idaho
Barrel House Brewing|IOz8d9|Cincinnati|Ohio
Bend Brewing|2epqeB|Bend|Oregon
Blind Tiger|STVYTP|Topeka|Kansas
Bloomington Brewing|WXBFIy|Bloomington|Indiana
Caldera Brewing|iL3Juq|Ashland|Oregon
Cascade Lakes Brewing|sIBGId|Redmond|Oregon
Chelsea Brewing|8yIWus|New York|New York
Coddington Brewing|i2v9PY|Middletown|Rhode Island
Coronado Brewing|gVynTw|Coronado|California
Grays Brewing|cAeitn|Janesville|Wisconsin
Gritty McDuff's|FmWw3u|Portland|Maine
Harbor City Brewing|b2lEBE|Port Washington|Wisconsin
Huntington Beach Beer|M2eOkF|Huntington Beach|California
Karl Strauss Brewing|mtUjck|San Diego|California
New Holland Brewing|AqEUBQ|Holland|Michigan
Portsmouth Brewery|4F7QA9|Portsmouth|New Hampshire
Snake River Brewing|RT0XDJ|Jackson|Wyoming
Hales Ales|2BFwoJ|Seattle|Washington
Mogollon Brewing|Of6bJU|Flagstaff|Arizona
Iron Hill|02Ne4w|Newark|Delaware
Sea Dog Brewing|Hs41Cv|Topsham|Maine
Odell Brewing|rQkKIB|Fort Collins|Colorado
Boulder Beer|stdQLg|Boulder|Colorado
Weeping Radish Farm Brewery|Fr3ygj|Jarvisburg|North Carolina
Breckenridge Brewery|IImUD9|Denver|Colorado
Brewbakers Brewing|1Bwkag|Huntington Beach|California
Mudshark Brewing|WO7A3K|Lake Havasu City|Arizona
Ruby Mountain Brewing|WxPvYU|Clover Valley|Nevada
Sonoran Brewing|cuhBRm|Phoenix|Arizona
Backcountry Brewery|YMFljs|Frisco|Colorado
Firestone Walker Brewing|qghrkC|Paso Robles|California
Clipper City Brewing|wTFQaf|Baltimore|Maryland
Downtown Brewing|p0DdoE|San Luis Obispo|California
Otter Creek Brewing|h45jwd|Middlebury|Vermont
Santa Fe Brewing|mSmGcW|Santa Fe|New Mexico
Midnight Sun Brewing|Gw62Ze|Anchorage|Alaska
Gordon Biersch Brewing|P2xdU4|Palo Alto|California
Prescott Brewing|IsZ2T1|Prescott|Arizona
Vinos|Fv7EYq|Little Rock|Arkansas
AleSmith Brewing|ygAzC9|San Diego|California
Angel City Brewing|0ZIlVA|Torrance|California
Ballast Point Brewing|1d90Lc|San Diego|California
Kona Brewing|8tlUI3|Kailua Kona|Hawaii
Dock Street|p3YrOa|Philadelphia|Pennsylvania
Wild Goose|Na4XQZ|Frederick|Maryland
Beach Chalet Brewery|rGUQ04|San Francisco|California
Belmont Brewing|MQVQup|Long Beach|California
Black Diamond Brewing|Dq3wAX|Walnut Creek|California
Eel River Brewing|H0d5CT|Fortuna|California
Lost Coast Brewery & Cafe|HRLYCh|Eureka|California
Mount St. Helena Brewing|tteer4|Middletown|California
Rubicon Brewing|iBzEfC|Sacramento|California
Thirsty Bear Brewing|FXjz8y|San Francisco|California
Triple Rock Brewery & Alehouse|w8FpFj|Berkeley|California
Bristol Brewing|pkjt6v|Colorado Springs|Colorado
Glenwood Canyon Brewing|bY0joH|Glenwood Springs|Colorado
SKA Brewing|jp8F0o|Durango|Colorado
Willimantic Brewing|6r5pyg|Willimantic|Connecticut
Harrisons Brewing|1JLE39|Orland Park|Illinois
Baltimore-Washington Beer Works|dwroV3|Baltimore|Maryland
Dunedin Brewery|5pOzg7|Dunedin|Florida
Titanic Brewing|FHHQQr|Coral Gables|Florida
Cannon Brewpub|9vSKac|Columbus|Georgia
Blue Cat|lAcrbq|Rock Island|Illinois
Two Brothers Brewing|Cu5xXG|Warrenville|Illinois
Upland Brewing|Tfw5on|Bloomington|Indiana
Court Avenue Brewing|XT9DwF|Des Moines|Iowa
Free State Brewing|crpkc8|Lawrence|Kansas
Bluegrass Brewing|ERW6Da|Louisville|Kentucky
HardCore Cider|cTUvgq|Cincinnati|Ohio
Beer Works|n3kdur|Boston|Massachusetts
Brew Moon & Microbrewery|zdKmrt|Honolulu|Hawaii
Green Mountain Cidery|cMaEz5|Middlebury|Vermont
California Cider|ZIDkN9|Sebastopol|California
Titletown Brewing|fMPgyC|Green Bay|Wisconsin
Allagash Brewing|pdLPeS|Portland|Maine
Brewery Ommegang|tCxPtR|Cooperstown|New York
Milwaukee Ale House|pnbJwZ|Milwaukee|Wisconsin
Watch City Brewing|vd0Jcg|Waltham|Massachusetts
Great Basin Brewing|ordLJI|Sparks|Nevada
Bullfrog Brewery|9TY2Xv|Williamsport|Pennsylvania
Deep Creek Brewing|E3f430|McHenry|Maryland
Fordham Brewing|D3A2mu|Dover|Delaware
White Marsh Brewing|ffjgVx|Baltimore|Maryland
Barrington Brewery|moxgzv|Great Barrington|Massachusetts
Cisco Brewers|r5kixF|Nantucket|Massachusetts
Big Buck Brewery|SGODLe|Gaylord|Michigan
Founders Brewing|uxUthW|Grand Rapids|Michigan
Hereford & Hops & Brew Pub|L5Ub4V|Escanaba|Michigan
Pennsylvania Brewing|a9egNb|Pittsburgh|Pennsylvania
Quay Street Brewing|62WKns|Port Huron|Michigan
Lake Superior Brewing|eJ3EsS|Duluth|Minnesota
Springfield Brewing|8Jyw2B|Springfield|Missouri
Yellowstone Valley Brewing|4AaNXK|Billings|Montana
Carolina Brewing|5ITsFt|Holly Springs|North Carolina
Olde Hickory Brewery|ichhfQ|Hickory|North Carolina
Appalachian Brewing|oJWOqb|Harrisburg|Pennsylvania
Flying Goose Brew Pub|DSCtzx|New London|New Hampshire
Woodstock Inn Brewery|uEeGC0|North Woodstock|New Hampshire
Oregon Trail Brewery|8CaSZi|Corvallis|Oregon
High Point Brewing|WicydY|Butler|New Jersey
Kroghs & Brew Pub|cAeitn|Sparta|New Jersey
The Ship Inn & Brewery|qjZIZq|Milford|New Jersey
Tun Tavern|daCbMw|Atlantic City|New Jersey
Eskes Brew Pub & Eatery|yrciWj|Taos|New Mexico
Second Street Brewery|WVVdVn|Santa Fe|New Mexico
Cooperstown Brewing|ybdwZK|Milford|New York
Empire Brewing|OUMuGf|Syracuse|New York
Gilded Otter Brewing|xZTJW3|New Paltz|New York
Ithaca Beer|iGWHI1|Ithaca|New York
Market Street Brewing|QqMY7n|Corning|New York
Sackets Harbor Brewing|8khP2P|Sackets Harbor|New York
Syracuse Suds Factory|l4QDBq|Syracuse|New York
Wagner Valley Brewing|q2OGrV|Lodi|New York
Bricktown Brewery|ynZSec|Oklahoma City|Oklahoma
Lucky Labrador Brewing|FFbodg|Portland|Oregon
Church Brew Works|IzxVvU|Pittsburgh|Pennsylvania
Boscos Brewing|nJ1NaV|Memphis|Tennessee
Rockyard Brewing|INJWpy|Castle Rock|Colorado
Jaxons & Brewing|H4gL4a|El Paso|Texas
Twisted Pine Brewing|aaN9Np|Boulder|Colorado
The Mash House & Brewery|RIkcvC|Fayetteville|North Carolina
Phantom Canyon Brewing|hQHAK2|Colorado Springs|Colorado
Salt Lake Brewing|yxpMwj|Salt Lake City|Utah
Uinta Brewing|uoQoRs|Salt Lake City|Utah
Rock Art Brewery|LpX3cU|Morrisville|Vermont
Vermont Pub & Brewery|HAszUa|Burlington|Vermont
Sweetwater Tavern|r2tI7b|Falls Church|Virginia
Elysian Brewing|hvWfx5|Seattle|Washington
Ice Harbor Brewing|YLlyzA|Kennewick|Washington
Rattlesnake Mountain|2rxBlw|Richland|Washington
Twin Rivers Brewing|yGeLEO|Monroe|Washington
Scuttlebutt Brewing|fYLD3U|Everett|Washington
Skagit River Brewing|M8r3AF|Mount Vernon|Washington
Fox River Brewing|9awW0O|Oshkosh|Wisconsin
Great Dane Pub & Brewery|fonllb|Madison|Wisconsin
Stevens Point Brewery|djGgca|Stevens Point|Wisconsin
Tyranena Brewing|3rGNzZ|Lake Mills|Wisconsin
Viking Brewing|883Pwt|Dallas|Wisconsin
New England Brewing|rAHla4|Woodbridge|Connecticut
Mad Anthony Brewing|N1xaxs|Fort Wayne|Indiana
Steamworks Brewing|ASNS0q|Durango|Colorado
Cambridge Brewing|nvfMg1|Cambridge|Massachusetts
Snipes Mountain Microbrewery &|9dnwq2|Sunnyside|Washington
Bear Brew Pub|kjQbqu|Orono|Maine
DuClaw Brewing|TVgBWg|Abingdon|Maryland
Southampton Publick House|6BaQ3W|Southampton|New York
Old Schoolhouse Brewery|LSrqUN|Winthrop|Washington
Belfast Bay Brewing|wr6SlF|Belfast|Maine
Bar Harbor Brewing|Uu2ExM|Bar Harbor|Maine
Portsmouth Brewing|qIN2ou|Portsmouth|Ohio
San Marcos Brewery & Grill|SEibYT|San Marcos|California
El Toro Brewing|yuxw75|Morgan Hill|California
Snowshoe Brewing|lxWkzT|Arnold|California
Fish Brewing|iuM5Q0|Olympia|Washington
Thomas Creek Brewery|rrSnIP|Greenville|South Carolina
Sand Creek Brewing|gsADrL|Black River Falls|Wisconsin
Maritime Pacific Brewing|Li8aA1|Seattle|Washington
Dicks Brewing|aQ7F5i|Centralia|Washington
Mickey Finn's|nfCnxu|Libertyville|Illinois
Lewis and Clark Brewing|v4tN9z|Helena|Montana
Main Street Brewery|VPzmsA|Corona|California
Big Bear Brewing|ib25sF|Coral Springs|Florida
Chicago Brewing|zvSxNB|Las Vegas|Nevada
Ellis Island Casino & Brewery|2JqFJF|Las Vegas|Nevada
Brewers Alley & Brewery|wFeIiC|Frederick|Maryland
Custom Brewcrafters|zhrpUi|Honeoye Falls|New York
Big Sky Brewing|OoAgZ8|Missoula|Montana
Nimbus Brewing|o8mhnm|Tucson|Arizona
Waimea Brewing|Ea6OiW|Waimea|Hawaii
River City Brewing|GHmRgx|Wichita|Kansas
Trout River Brewing|1irs0u|Lyndonville|Vermont
The Shed & Brewery|UqDEcI|Stowe|Vermont
ChopHouse & Brewery Denver|hpnoHn|Denver|Colorado
Andrews Brewing|xMLyOI|Lincolnville|Maine
Triumph Brewing|npSiG1|Princeton|New Jersey
Willoughby Brewing|TAgaBk|Willoughby|Ohio
Arcadia Brewing|2wy19T|Battle Creek|Michigan
Michigan Brewing|BLTzoT|Webberville|Michigan
Three Needs Brewery & Taproom|L8M1u9|Burlington|Vermont
San Diego Brewing|puznP2|San Diego|California
Golden City Brewery|SVBAGa|Golden|Colorado
Wachusett Brewing|DifSi4|Westminster|Massachusetts
Indian Wells Brewing|IRqZSn|Inyokern|California
Lagunitas Brewing|nLsoQ9|Petaluma|California
Mishawaka Brewing|vODMhk|Mishawaka|Indiana
Minhas Craft Brewery|S7K860|Monroe|Wisconsin
St. George Brewing|NJbyiS|Hampton|Virginia
Saint Louis Brewery|tNDKBY|Maplewood|Missouri
Northwoods|pILoJW|Eau Claire|Wisconsin
Coastal Extreme Brewing|IphbdN|Middletown|Rhode Island
General Lafayette Inn and Brewery|0x9nfk|Lafayette Hill|Pennsylvania
Lexington Brewing|IuEeGC|Lexington|Kentucky
Rowlands Calumet Brewery|TYXcMK|Chilton|Wisconsin
Summit Brewing|05irfI|St. Paul|Minnesota
Elliott Bay Brewery & Pub|J91bB8|Seattle|Washington
New Glarus Brewing|YWVg1z|New Glarus|Wisconsin
Erie Brewing|LHQ79n|Erie|Pennsylvania
Cottrell Brewing|yVRI9K|Pawcatuck|Connecticut
Nodding Head Brewery|7O0xOu|Philadelphia|Pennsylvania
Wild River Brewing|cDW9jR|Grants Pass|Oregon
Beermanns Beerwerks Brewery|KXNebo|Lincoln|California
Bayhawk Ales|DsvN0B|Irvine|California
Highland Brewing|fJYG8Y|Asheville|North Carolina
Columbus Brewing|01Bp2T|Columbus|Ohio
Bethlehem Brew Works|Vibk8A|Bethlehem|Pennsylvania
Upstream Brewing|Kd6WH6|Omaha|Nebraska
th Street Brewery|wTxSsQ|Kansas City|Missouri
Hinterland Brewery|GyxTPI|Green Bay|Wisconsin
South Street Brewery|OK6zyY|Charlottesville|Virginia
Moonlight Brewing|itAGNX|Fulton|California
Blackhorse Pub & Brewery|EVZM5h|Clarksville|Tennessee
Rocky River Brewing|g3aigX|Cleveland|Ohio
Hops Haven Brew Haus|n2YosO|Sheboygan|Wisconsin
Berkshire Brewing|XsC59I|South Deerfield|Massachusetts
Grizzly Peak Brewing|5dTTap|Ann Arbor|Michigan
Southport Brewing|h0kWMH|Southport|Connecticut
Wynkoop Brewing|GfdTrX|Denver|Colorado
Climax Brewing|K9WcRE|Roselle Park|New Jersey
Los Gatos Brewing|xNXnQl|Los Gatos|California
Ukiah Brewing|X89cbJ|Ukiah|California
st Amendment Brewery|EdRcIs|San Francisco|California
Straub Brewery|IBO0kg|St. Marys|Pennsylvania
TwoRows & Brewery|RXXZq8|Dallas|Texas
Grand Rapids Brewing|ruKE83|Grand Rapids|Michigan
Standing Stone Brewing|JVD1YX|Ashland|Oregon
Jupiter|k0ZyLO|Berkeley|California
Pacific Coast Brewing|OyQarF|Oakland|California
Tommyknocker Brewery|WJa7QV|Idaho Springs|Colorado
Drakes Brewing|n5QFi2|San Leandro|California
Blackfoot River Brewing|xBcHLT|Helena|Montana
Russian River Brewing|BSsTGw|Santa Rosa|California
Phair Brewing|kHWJoD|Concord|California
River City Brewing|GHmRgx|Sacramento|California
Maumee Bay Brewing &|IFv3NV|Toledo|Ohio
Seabright Brewery|uBmpMM|Santa Cruz|California
Pelican Pub & Brewery|xpvsEA|Pacific City|Oregon
Sonoma Brewing|qgE4zU|Petaluma|California
English Ales Brewery|6dyUqv|Marina|California
Madison Brewing & Pub|f4HWSu|Bennington|Vermont
Pizza Port|QSVVxD|Carlsbad|California
Nicolet Brewing|GQqWwb|Florence|Wisconsin
Seven Barrel Brewery|DXvlfF|West Lebanon|New Hampshire
Dragonmead Brewery|fxO4GX|Warren|Michigan
Steelhead Brewing|X3cZyU|Burlingame|California
Carolina Beer|h1EJ6z|Mooresville|North Carolina
Lake Louie Brewing|PfbcZa|Arena|Wisconsin
Cross Plains Beer|xb8vJE|Cross Plains|Wisconsin
Hyde Park Brewing|ZtC7fU|Hyde Park|New York
North Peak Brewing|Z4ccUg|Traverse City|Michigan
Kellys Caribbean Bar & Grill & Brewery|dR8W7I|Key West|Florida
Trailhead Brewing|SrMadz|St. Charles|Missouri
Oak Creek Brewing|E9NviI|Sedona|Arizona
Blue Frog Grog and Grill|jRHCqE|Fairfield|California
High Falls Brewing|Qg6dpg|Rochester|New York
Taps Fish House and Brewery|ceEcjf|Brea|California
Tuckerman Brewing|HuvS2Z|Conway|New Hampshire
Granite City Food & Brewery|UE32HU|St. Louis Park|Minnesota
Florida Beer|eBelPz|Melbourne|Florida
Coeur D Alene Brewing|rUnaAI|Coeur d Alene|Idaho
Brays Brewing|48ulk9|Naples|Maine
Sebago Brewing|Qxl1aG|Gorham|Maine
Liberal Cup Public House and Brewery|eFi1I6|Hallowell|Maine
Sheepscot Valley Brewing|SOyVqa|Whitefield|Maine
Taylors & Brewery|LjKPCU|San Diego|California
Ironworks Brewery and Pub|8LAl4e|Lakewood|Colorado
Gore Range Brewery|1MgRdV|Edwards|Colorado
Sun Valley Brewing|60qj0h|Hailey|Idaho
Dark Horse Brewing|HVsapW|Marshall|Michigan
Rochester Mills Beer|sbVFqO|Rochester|Michigan
Empyrean Brewing|dN5GFB|Lincoln|Nebraska
Krebs Brewing|Qw5Pn5|Krebs|Oklahoma
Library Sports Grille & Brewery|GZQpRX|Laramie|Wyoming
Mt. Hood Brewing|QclQFK|Government Camp|Oregon
Mountain Sun Pub & Brewery|fQwjb1|Boulder|Colorado
Faultline Brewing|u8vOWi|Sunnyvale|California
Mammoth Brewing|1U4v5y|Mammoth Lakes|California
Mehana Brewing|NcvyGD|Hilo|Hawaii
Ellicottville Brewing|c1ade9|Ellicottville|New York
Golden Avalanche Brewing|dGsbpB|Kutztown|Pennsylvania
Outer Banks Brewing Station|Rew3Ib|Kill Devil Hills|North Carolina
Starr Hill|4TuN55|Crozet|Virginia
Fredericksburg Brewing|eTJ9AZ|Fredericksburg|Texas
Thomas Hooker Brewing|UBBbRq|Bloomfield|Connecticut
Seasons Brewing|PprWrh|Atlanta|Georgia
The Brewers Art|YytkpO|Baltimore|Maryland
Flatlanders & Brewery|HpCaNH|Lincolnshire|Illinois
Trinity Brewhouse|BVju6a|Providence|Rhode Island
Flying Bison Brewing|7SY01j|Buffalo|New York
Pearl Street Grill & Brewery|ELJRna|Buffalo|New York
Blue Point Brewing|zo4Tui|Patchogue|New York
Amherst Brewing|d8IJKF|Amherst|Massachusetts
Tugboat Brewing|sU6mNv|Portland|Oregon
ChopHouse & Brewery Cleveland|hpnoHn|Cleveland|Ohio
Augusta Brewing|Sldiyh|Augusta|Missouri
Port Townsend Brewing|w3imcu|Port Townsend|Washington
Woodward Avenue Brewers|EkMJ0d|Ferndale|Michigan
LaConner Brewing|YiRC7H|LaConner|Washington
Put-in-Bay Brewing|TinWeR|Put In Bay|Ohio
Peter Bs Brewpub|gVV0jE|Monterey|California
Independence Brewing|mCJhuP|Austin|Texas
Walnut Brewery|ATZH3J|Boulder|Colorado
Jamesport Brewing|mJiBMs|Ludington|Michigan
Northampton Brewery|GPAv9Q|Northampton|Massachusetts
Ramapo Valley Brewery|N9M4QL|Hilburn|New York
Lengthwise|PcGOzE|Bakersfield|California
E & O Trading|4VZysG|San Francisco|California
Silverado Brewing|eEWCFd|St. Helena|California
Durango Brewing|xsnJ3o|Durango|Colorado
Silver Gulch Brewing & Bottling|1unO6C|Fairbanks|Alaska
Pumphouse Brewery and|ihEkIF|Longmont|Colorado
Palmetto Brewing|Fvb1JY|Charleston|South Carolina
Hood Canal Brewery|Yr1UcD|Kingston|Washington
Six Rivers Brewery|VBgchw|McKinleyville|California
Back Road Brewery|w2WxaR|LaPorte|Indiana
Moab Brewery|mLNnA3|Moab|Utah
Hoster Brewing|u2ik6i|Columbus|Ohio
Broad Ripple Brewing|S4ShGM|Indianapolis|Indiana
Pizza Port|QSVVxD|Solana Beach|California
Buckeye Brewing|dejdzl|Lakewood|Ohio
Olde Burnside Brewing|WYN4LR|East Hartford|Connecticut
Moon River Brewing|6ZRSE6|Savannah|Georgia
San Pedro Brewing|YBW4h3|San Pedro|California
Traffic Jam and Snug|qXdmUY|Detroit|Michigan
Smoky Mountain Brewery &|3BHBJh|Gatlinburg|Tennessee
Santa Barbara Brewing|XpKeJe|Santa Barbara|California
High Noon Saloon & Brewery|gbhf9E|Leavenworth|Kansas
Green Mill & Bar|02rQpe|St. Paul|Minnesota
Mesa Cerveza|xXnhis|Cortez|Colorado
Beaver Street Brewery|b3x3Dh|Flagstaff|Arizona
North By Northwest and Brewery|zVwJPQ|Austin|Texas
Royal Oak Brewery|7Ews9G|Royal Oak|Michigan
Draught House Pub & Brewery|3TPLoz|Austin|Texas
Central Waters Brewing|FsjaTu|Amherst|Wisconsin
Boundary Bay Brewery|biGe6O|Bellingham|Washington
Piece Brewery & Pizzeria|WhR9b5|Chicago|Illinois
Great Waters Brewing|95h0NL|St. Paul|Minnesota
Hilton Head Brewing|cJF1Oj|Hilton Head Island|South Carolina
Thirsty Dog Brewing|dE1AzX|Akron|Ohio
Copper Canyon Brewery|lNkCjb|Southfield|Michigan
The Brewery at Lake Tahoe|JHbtg4|South Lake Tahoe|California
Elevator Brewing|CWEvMg|Columbus|Ohio
Callys & Brewing|QlpVUy|Harrisonburg|Virginia
Morgan Street Brewery|KAiRTh|St. Louis|Missouri
Park Tavern Brewery|VKGvCs|Atlanta|Georgia
Kuhnhenn Brewing|EUNX3E|Warren|Michigan
Black Forest Brew Haus|oWdjyM|Farmingdale|New York
South Shore Brewery|Trrbu5|Ashland|Wisconsin
Stumptown Brewery|KeILJZ|Guerneville|California
Craftsman Brewing|0k2SXz|Pasadena|California
Bull & Bush Pub & Brewery|r37Xee|Denver|Colorado
Sherwood Forest Brewers|h2Q89S|Marlborough|Massachusetts
Fitgers Brewhouse|LE4tZR|Duluth|Minnesota
Pratt Street Ale House|2aIo1M|Baltimore|Maryland
McKenzie Brew House|lWoHzF|Glen Mills|Pennsylvania
Hawaii Nui Brewing|NcvyGD|Lihue|Hawaii
Farnum Hill Ciders|7rarEm|Lebanon|New Hampshire
Maine Coast Brewing|zdKmrt|Bar Harbor|Maine
Tenaya Creek & Brewery|MSB2i0|Las Vegas|Nevada
Mackinaw Brewing|KqDrOr|Traverse City|Michigan
Jasper Murdocks Alehouse|plvi9O|Norwich|Vermont
Lake Placid Pub & Brewery|1zKQj1|Lake Placid|New York
Firehouse Brewing|c3GFRK|Rapid City|South Dakota
Moosejaw Pizza & Brewing|oTmJ8i|Wisconsin Dells|Wisconsin
Rohrbach Brewing|qf2Fx1|Rochester|New York
Stewarts Brewing|HC4oX3|Bear|Delaware
Water Street Brewery|Xwj7m7|Delafield|Wisconsin
Padre Island Brewing|YmURzO|South Padre Island|Texas
North End Tavern & Brewery|7MLLbj|Parkersburg|West Virginia
Alpine Beer|vDxSPd|Alpine|California
Pearl Street Brewery|LWD44j|La Crosse|Wisconsin
Golden Valley Brewery|vm4OsK|McMinnville|Oregon
Minocqua Brewing|J4UYYJ|Minocqua|Wisconsin
The B.O.B.s House of Brews|dm87SE|Grand Rapids|Michigan
Old Market Pub and Brewery|sBybsd|Portland|Oregon
Little Apple Brewing|KtZ4zD|Manhattan|Kansas
Electric Brewing|wjECY4|Bisbee|Arizona
Terrapin Beer|DPLTAJ|Athens|Georgia
Delafield Brewhaus|50pUVJ|Delafield|Wisconsin
French Broad Brewing|MstViE|Asheville|North Carolina
Blue Ridge Brewing|c7nI49|Greenville|South Carolina
Catawba Valley Brewing|OCiWW5|Glen Alpine|North Carolina
Lafayette Brewing|B2A0Gi|Lafayette|Indiana
Johanssons Dining House|bIk08d|Westminster|Maryland
Barley and Hops Grill and Microbrewery|JvvUYl|Frederick|Maryland
Red Rock Brewing|PKc1Ee|Salt Lake City|Utah
Alpine Brewing|uTRD6w|Oroville|Washington
Blackstone & Brewery|fa0oqf|Nashville|Tennessee
Cricket Hill Brewing|U0vh9j|Fairfield|New Jersey
Ohio Brewing|64Bwb3|Akron|Ohio
Diamond Bear Brewing|Xa3ue0|Little Rock|Arkansas
Desert Edge Brewery|I6qy7r|Salt Lake City|Utah
Thunder Canyon Brewery|xS4q3a|Tucson|Arizona
Terminal Gravity Brewing|b5cf0s|Enterprise|Oregon
Tustin Brewing|jdCivW|Tustin|California
Island Brewing|AggcB4|Carpinteria|California
Tampa Bay Brewing|eXqBnO|Tampa|Florida
Bozeman Brewing|MEZupX|Bozeman|Montana
Moffat Station & Brewery|GG6ptm|Winter Park|Colorado
Bitter Root Brewing|rb0EaI|Hamilton|Montana
Marietta Brewing|aUAUxp|Marietta|Ohio
Hazel Dell Brewpub|UaESet|Vancouver|Washington
Red Lodge Ales|53gvKx|Red Lodge|Montana
Front Street Brewery|77YOgn|Wilmington|North Carolina
Judge Baldwins Brewing|gtM2to|Colorado Springs|Colorado
River City Brewing|GHmRgx|Jacksonville|Florida
Olde Saratoga Brewing|urIFHW|Saratoga Springs|New York
Freeport Brewing|bzv1qy|Freeport|Maine
Pints Pub Brewery & Freehouse|YB2HwL|Denver|Colorado
Mill Creek Brewpub|7tGT1x|Walla Walla|Washington
New Albanian Brewing|hZLFZg|New Albany|Indiana
Switchback Brewing|KJmWjL|Burlington|Vermont
Green Flash Brewing|Nj8cgD|Vista|California
Clay Pipe Brewing|GKdsWb|Westminster|Maryland
John S. Rhodell Brewery|DcSoI4|Peoria|Illinois
Sleeping Lady Brewing|pPkHlz|Anchorage|Alaska
Harvest Moon Brewery|4JeSmy|New Brunswick|New Jersey
Trap Rock Brewery|5B5OnQ|Berkeley Heights|New Jersey
Callahans Pub & Brewery|BbwYWa|San Diego|California
Original Sin Cidery|PRHAik|New York|New York
Maui Brewing|fwCFE4|Lahaina|Hawaii
Redondo Beach Brewing|N60qpz|Redondo Beach|California
Back Street Brewery|Lbvvk1|Yorba Linda|California
Brew Brothers|Y47bEa|Reno|Nevada
Red Oak Brewery|hNPjUO|Whitsett|North Carolina
Sockeye Brewing|OHFZ8u|Boise|Idaho
JT Schmids Brewhouse & Eatery|4ZdEkN|Anaheim|California
Napa Valley Brewing|iiQZKi|Calistoga|California
Engine House No.  and Brewery|UKFghU|Tacoma|Washington
Kennebunkport Brewing|kBJfOD|Kennebunk|Maine
Barley Island Brewing|aUeHiX|Noblesville|Indiana
Boulder Creek Brewing|eKF3uv|Boulder Creek|California
Taylor Brewing|tBHo6G|Lombard|Illinois
Bertrams Brewery and|PsixhL|Salmon|Idaho
Brewery Creek Brewing|eZVnaZ|Mineral Point|Wisconsin
Bricktown Brewery|ynZSec|Dubuque|Iowa
Calhouns|wyUwDi|Knoxville|Tennessee
Carolina Brewery|JKx7GQ|Chapel Hill|North Carolina
Charlie & Jakes Brewery & BBQ|WeZilR|Melbourne|Florida
Courthouse Pub|9ms25g|Manitowoc|Wisconsin
Mistys Steakhouse Brewery|TZjROn|Lincoln|Nebraska
Ellicott Mills Brewing|gpIn1h|Ellicott City|Maryland
Flagstaff Brewing|wHJuVN|Flagstaff|Arizona
Gaslight Brewery &|o33q8U|South Orange|New Jersey
Grumpy Troll|KGv5th|Mount Horeb|Wisconsin
Hoppers Grill & Brewery|JlfaGe|Midvale|Utah
Illinois Brewing|pAxKr3|Bloomington|Illinois
Jasper Ridge Brewery|2UZwM4|Ishpeming|Michigan
Madison River Brewing|f4HWSu|Belgrade|Montana
Franklins|4fM6Pf|Hyattsville|Maryland
White Oak Cider|HzSUfO|Newberg|Oregon
Manhattan Beach Brewing|G7WXOq|Manhattan Beach|California
Ocean Avenue Brewing|1rSAVq|Laguna Beach|California
Old Hat Brewery|ZL5BCn|Lawton|Michigan
Olde Peninsula Brewpub and|nyWnVf|Kalamazoo|Michigan
Pinnacle Peak Patio Steakhouse|Neba3O|Scottsdale|Arizona
Pleasanton Main Street Brewery|VNc8nE|Pleasanton|California
Raccoon River Brewing|HYk1fA|Des Moines|Iowa
Randys  & Fun Hunters Brewery|LenMZf|Whitewater|Wisconsin
Blackwater Brewing|LgSyMq|Davis|West Virginia
Roosters Brewing|RMnsnJ|locations in Ogden and Layton|Utah
Big Aloha Brewery|bHYB6A|Honolulu|Hawaii
Portneuf Valley Brewing|m7mfHa|Pocatello|Idaho
Sarasota Brewing|H09IRl|Sarasota|Florida
Socorro Springs Brewing|0ayNIL|Socorro|New Mexico
Spilker Ales|2jMtH0|Cortland|Nebraska
Half Moon Bay Brewing|eUykxk|Half Moon Bay|California
Haines Brewing|q878Wn|Haines|Alaska
Homer Brewing|wXIgSm|Homer|Alaska
Thunderhead Brewing|ZlneD1|Kearney|Nebraska
Highlands Hollow|4ucq5J|Boise|Idaho
Top of the Hill & Brewery|buCABg|Chapel Hill|North Carolina
White Winter Winery|uJBIop|Iron River|Wisconsin
Whitstran Brewing|xyWAj6|Prosser|Washington
Vierling & Marquette Harbor Brewery|y1rOJS|Marquette|Michigan
Silver Peak & Brewery|CpYuuR|Reno|Nevada
Dempseys and Brewery|hHD54O|Petaluma|California
Three Rivers Eatery and Brewhouse|wsIHni|Farmington|New Mexico
Downtown Joes & Brewery|3dfG76|Napa|California
Van Dyck|5wJgNs|Schenectady|New York
Offshore Ale|adEaDT|Oak Bluffs|Massachusetts
Southern Tier Brewing|x8kqVp|Lakewood|New York
Herkimer Pub & Brewery|ZiwDNN|Minneapolis|Minnesota
Valley Brewing|t3tKdn|Stockton|California
Brew It Up!|OsDwRF|Sacramento|California
High Desert Brewing|oMNpgF|Las Cruces|New Mexico
Dodging Duck Brewhaus|75smtc|Boerne|Texas
Blue Star Brewing|4nEMcq|San Antonio|Texas
Schooners Grille & Brewery|ZxjAIJ|Antioch|California
ChopHouse & Brewery|hpnoHn|Washington|Washington DC
Mount Tallac Brewing|fGD2YC|South Lake Tahoe|California
Carver Brewing|vefvPr|Durango|Colorado
Mount Pleasant|8X6H9w|Mount Pleasant|Michigan
Altitude Chophouse and  Brewery|rTbl7p|Laramie|Wyoming
Copper Creek Brewing|e0v4NA|Athens|Georgia
Astoria Brewing|4q5nSU|Astoria|Oregon
Frankenmuth Brewery|xUwGtE|Frankenmuth|Michigan
Liberty Steakhouse & Brewery|XOcBJQ|High Point|North Carolina
Downtown Grill & Brewery|Cjq3F9|Knoxville|Tennessee
Baron Brewing & Lunar Brewing|g5GKTi|Seattle|Washington
The Brew Kettle|i1jKN5|Strongsville|Ohio
Kodiak Island Brewing|ZyuzKm|Kodiak|Alaska
Tractor Brewing|kyDYlq|Los Lunas|New Mexico
Blue & Gray Brewing|wzCyVT|Fredericksburg|Virginia
Orlando Brewing|bTThBS|Orlando|Florida
Millrose and Brewing|yqQtUG|South Barrington|Illinois
Bias Vineyards|zAwi4U|Berger|Missouri
The Distillery|rIs450|Rochester|New York
Lunar Brewing|6CmF5z|Villa Park|Illinois
New South Brewing|vDTfev|Myrtle Beach|South Carolina
Elm City Brewing|vSkPKZ|Keene|New Hampshire
Harvest Moon Brewery|4JeSmy|Belt|Montana
Fort Collins Brewery|pMsqwL|Fort Collins|Colorado
Haverhill Brewery|RyG2qM|Haverhill|Massachusetts
McCall Brewing|uiEA1s|McCall|Idaho
Berrywine Plantations|kl6De5|Mt. Airy|Maryland
Buffalo Brewpub|NO91LH|Williamsville|New York
Montgomery Brewing|9zVaSj|Montgomery|Alabama
Blacksburg Brewing|3GI0hE|Blacksburg|Virginia
Hams & Brewhouse|GohZ7B|Greenville|North Carolina
Huebert Brewing|V5TyHw|Oklahoma City|Oklahoma
Northern Lights Brewing|t559gG|Spokane|Washington
Pocono Brewing|n6c4kV|Swiftwater|Pennsylvania
Adirondack Pub & Brewery|fToAQf|Lake George|New York
Corner Pub|4CFzKV|Reedsburg|Wisconsin
Aiken Brewing|WTq1ic|Aiken|South Carolina
Gottberg Brew Pub|dgPFmw|Columbus|Nebraska
Amicas Pizza & Microbrew|FS17Tg|Salida|Colorado
Palisade Brewery|nPw4IG|Palisade|Colorado
Jaipur & Brewpub|BXPVtl|Omaha|Nebraska
Swashbuckler Brewing|O0n0Qn|Manheim|Pennsylvania
Big Bear Mountain Brewery|Kuku1g|Big Bear Lake|California
Thirsty Pagan Brewing|n6c4kV|Superior|Wisconsin
Detroit Beer|5v7rLP|Detroit|Michigan
Nashoba Valley Winery|V2cXSI|Bolton|Massachusetts
The Rock Wood Fired Pizza & Brewery|78kDjG|Tacoma|Washington
Redstone Meadery|1eKpO5|Boulder|Colorado
Turtle Mountain Brewing|emd8iK|Rio Rancho|New Mexico
Hunter Gatherer Brewery & Alehouse|jivaao|Columbia|South Carolina
Carlyle Brewing|SNmgo7|Rockford|Illinois
Bent River Brewing|2RiVWQ|Moline|Illinois
Red Car Brewery &|tp7cEF|Torrance|California
Bonaventure Brewing|hiPKpK|Los Angeles|California
Sequoia Brewing|l8xFof|Fresno|California
Legacy Brewing|47iwhg|Reading|Pennsylvania
Glacier Brewing|KrtTC2|Polson|Montana
Big Boss Brewing|pwfPCD|Raleigh|North Carolina
Kellys & Brewpub|17Phxr|Albuquerque|New Mexico
Yazoo Brewing|gUJBgl|Nashville|Tennessee
Keegan Ales|CCuvov|Kingston|New York
Bitter Creek Brewing|3KLGZL|Rock Springs|Wyoming
Walkabout Brewing|vq7ekR|Central Point|Oregon
Bobcat Cafe and Brewery|qlEuN1|Bristol|Vermont
Blue Corn Cafe & Brewery|NULflH|Santa Fe|New Mexico
Italian Oasis & Brewery|zILBWx|Littleton|New Hampshire
Sin City Beer|s035nL|Las Vegas|Nevada
The Traditional|K6BOqs|Culver|Oregon
Front Street Brewery|77YOgn|Davenport|Iowa
Saddleback Brewery|IDlepc|Rancho Santa Margarita|California
Stadium Brewing|z6PfRf|Aliso Viejo|California
Green Man Brewing|kZAhYn|Asheville|North Carolina
The Wellhead and Brewpub|dkSVf3|Artesia|New Mexico
Huske Hardware House|uvpHuL|Fayetteville|North Carolina
Bellwether Hard Cider|731M3y|Trumansburg|New York
Etna Brewing|CEaXc6|Etna|California
Bastone|sPZjl6|Royal Oak|Michigan
Montana Brewing|FcH1ln|Billings|Montana
Cape Ann Brewing|HCYbHl|Gloucester|Massachusetts
Tracks Brewing|8eUkcP|Tooele|Utah
Ruby River Steakhouse and Brewery|9H8jhv|Ogden|Utah
Wind River Brewing|z0gnmN|Pinedale|Wyoming
Himmelberger Brewing|lM4awQ|Billings|Montana
Marzonis Brick Oven & Brewing|oz1oll|Duncansville|Pennsylvania
Wiltses Brew Pub|jAoe87|Oscoda|Michigan
Fearless Brewing|dJk2ep|Estacada|Oregon
Off the Rail Brewery|jln1QS|Forest Grove|Oregon
Liberty Steakhouse & Brewery|XOcBJQ|Myrtle Beach|South Carolina
Market Cross Pub and Brewery|1ljIqY|Carlisle|Pennsylvania
Backwater Brewing|AfyZtJ|Winona|Minnesota
King Arthurs Steakhouse & Brewery|TcasER|Oswego|New York
Amnesia Brewing|pO4fyo|Portland|Oregon
Jolly Pumpkin Artisan Ales|pzWq1r|Dexter|Michigan
Gunnison Brewery|DKoQXU|Gunnison|Colorado
Rush River Brewing|wpQqy4|River Falls|Wisconsin
Crabby Larrys|aYhXae|Chalfont|Pennsylvania
Great Baraboo Brewing|6XlqQv|Clinton Township|Michigan
Olde Towne Brewing|cl9JRQ|Huntsville|Alabama
Monterey Coast Brewing & Brewery|w23Apj|Salinas|California
Porterhouse Brewpub &|pbfnrH|Lahaska|Pennsylvania
Sports Brew Pub|vfrkSK|Wyandotte|Michigan
Legends Brewhouse & Eatery|gRRkr7|Howard|Wisconsin
Central Coast Brewing|oNZeii|San Luis Obispo|California
The Duck-Rabbit Craft Brewery|rBxNNF|Farmville|North Carolina
Rahr & Sons Brewing|WCBdy2|Fort Worth|Texas
The Brewhouse California|dKvrhI|Santa Barbara|California
Dahlonega Brewing|8PhnhT|Dahlonega|Georgia
Depot Street Brewing|AY6Jg8|Jonesborough|Tennessee
River Bend Brewing|PEPMoe|Hailey|Idaho
Methow Valley Brewing|IexuaY|Twisp|Washington
Neptunes Brewery|0o5iQ6|Livingston|Montana
Cornerstone Brewing|wgMliQ|Berea|Ohio
Schmohz Brewing|AVEsqU|Grand Rapids|Michigan
Brass & Brewery|dVQ1WS|South Barrington|Illinois
East End Brewing|BQ12RI|Pittsburgh|Pennsylvania
Ruth McGowans Brewpub|cY1yJf|Cloverdale|California
Chama River Brewing|I186SZ|Albuquerque|New Mexico
Feather River Brewing|rxBexh|Magalia|California
Keweenaw Brewing|2mEK6e|Houghton|Michigan
Iron Horse Brewery|ni4EnY|Ellensburg|Washington
Sixpoint Craft Ales|7VPQrN|Brooklyn|New York
Silver Moon Brewing|aVq6l0|Bend|Oregon
Roots Organic Brewing|NxvZb9|Portland|Oregon
Fort Street Brewery|C8NtC6|Lincoln Park|Michigan
Skye Book & Brew|xaf8YW|Dayton|Washington
Zea Rotisserie|ath8va|Metairie|Louisiana
Firehouse Brewing|c3GFRK|San Diego|California
Buckner Brewing|ZEsWmn|Cape Girardeau|Missouri
Olde Main Brewing|BenzME|Ames|Iowa
Klamath Basin Brewing|LLTN1u|Klamath Falls|Oregon
Lazy Magnolia Brewing|aqpi5w|Kiln|Mississippi
Atomic Ale Brewpub|h9obbv|Richland|Washington
The Cambridge House|ggEhm3|Granby|Connecticut
Library Bar &|f5x8G5|Houghton|Michigan
Red Jacket Brewing|iMF8xJ|Calumet|Michigan
Gallaghers|RdGRVQ|Edmonds|Washington
Mad Boar|siPwY9|North Myrtle Beach|South Carolina
Captured by Porches Brewing|7w7trb|Portland|Oregon
Flathead Lake Brewing|iYAf2b|Bigfork|Montana
Angry Minnow|rWTBxT|Hayward|Wisconsin
Lost Duck Brewing|v1Y9Zd|Fort Madison|Iowa
Zero Gravity|VEY3Xa|Burlington|Vermont
Long Island Meadery|hXfdmV|Holbrook|New York
Powerhouse & Brewery|6KAiYS|Puyallup|Washington
Anacapa Brewing|RhnU8F|Ventura|California
Brugge Brasserie|epUZXy|Indianapolis|Indiana
Sonoma Chicken Coop|EMVGq3|Campbell|California
Iron Springs Pub and Brewery|Ezd2gH|Fairfax|California
The Hideout Brewing|35YJeP|Grand Rapids|Michigan
Broken Drum Brewery|QC2xF6|San Rafael|California
Iron Hill|02Ne4w|West Chester|Pennsylvania
Iron Hill|02Ne4w|Media|Pennsylvania
Iron Hill|02Ne4w|Wilmington|Delaware
Iron Hill|02Ne4w|North Wales|Pennsylvania
Hog Haus Brewing|TGPRr2|Fayetteville|Arkansas
Big River Grille & Brewing Works|mDVWws|Nashville|Tennessee
Heiner Brau|R80vsN|Covington|Louisiana
Stone Cellar Brewpub|jJsjNl|Appleton|Wisconsin
Wildlife Brewing & Pizza|uWIdwa|Victor|Idaho
Pisgah Brewing|2qlMjT|Black Mountain|North Carolina
Egan & Sons|2GyoTb|Montclair|New Jersey
Pitchers Brewery & Sports Shack|m673UP|Greeley|Colorado
Foothills Brewing|ajREdT|Winston-Salem|North Carolina
Silverton Brewery|dMbTUT|Silverton|Colorado
Mt. Carmel Brewing|sitjIr|Cincinnati|Ohio
Saugatuck Brewing|VrC2d6|Douglas|Michigan
Santa Cruz Mountain Brewing|A93ST5|Santa Cruz|California
The Eldo Brewery  & Taproom|KPVOOd|Crested Butte|Colorado
The Livery|XdP8EM|Benton Harbor|Michigan
Pittsfield Brew Works|O8BTtG|Pittsfield|Massachusetts
Opa-Opa Steakhouse and Brewery|XB13Qx|Southampton|Massachusetts
Shoreline Brewery|J8XoQQ|Michigan City|Indiana
Shamrock Brewing|LsOUS8|Pueblo|Colorado
Dry Dock Brewing|fn89yQ|Aurora|Colorado
SchillingBridge Winery & Microbrewery|kH2X3V|Pawnee City|Nebraska
Surly Brewing|cPRfoj|Brooklyn Center|Minnesota
Heinzelmannchen Brewery|XFY63m|Sylva|North Carolina
Oceanside Ale Works|bFsZIz|Oceanside|California
rd Street Brewery|V79a57|Lawrence|Kansas
Lockdown Brewing|anUUVa|Folsom|California
Laughing Dog Brewing|yX6twV|Ponderay|Idaho
Flyers & Brewery|V8pBsI|Oak Harbor|Washington
Queen City Brewing|F5LuLZ|Staunton|Virginia
Stockholms|nvBZvJ|Geneva|Illinois
Mash Tun|RRKvQ8|Portland|Oregon
Oakshire Brewing|WwE6W1|Eugene|Oregon
Greenpoint Beer Works|2dAEr0|Brooklyn|New York
Wakonda Brewing|hCg2RZ|Florence|Oregon
Telegraph Brewing|ExxQt6|Santa Barbara|California
Lightning Brewery|L3ozHK|Poway|California
Hank is Wiser Brewery|Y2RzRP|Cheney|Kansas
Riverside Brewery &|sVIbQO|West Bend|Wisconsin
Honey Moon|PkqhUA|Bellingham|Washington
The Covey & Brewery|TbP3By|Fort Worth|Texas
Sun Up Brewing|F3gIYO|Phoenix|Arizona
Wandering Aengus Ciderworks|mnI5Ck|Salem|Oregon
MickDuffs Brewing|lfOaUB|Sandpoint|Idaho
Mountaineer Brewing|jg49lA|Martinsburg|West Virginia
Kelleys Island Brewery|QlpVUy|Kelleys Island|Ohio
Captain Lawrence Brewing|kTRptV|Pleasantville|New York
Twin Lakes Brewing|VcP5iA|Greenville|Delaware
Square One Brewery|g6S9WB|St. Louis|Missouri
Wyoming State Brewing|YyPy4g|Casper|Wyoming
Ellersick Brewing Big E Ales|4VZysG|Lynnwood|Washington
Ninkasi Brewing|V4I9FT|Eugene|Oregon
Weston Brewing|BOLQe7|Weston|Missouri
Mohegan Cafe and Brewery|dwO1kL|Block Island|Rhode Island
Bootleggers and Brewery|YfZlHd|Aurora|Missouri
Lazy Boy Brewing|vwKJAR|Everett|Washington
Graffiti|FblxKT|Petaluma|California
Grey Parrot Brewing|ewt30R|Long Beach|Washington
Atwater Block Brewery|boTIWO|Detroit|Michigan
Butternuts Beer and Ale|9BPs2d|Garrattsville|New York
Ale Asylum|MMSB2i|Madison|Wisconsin
Almar Orchards|5kOAIa|Flushing|Michigan
Defiant Brewing|7YGrh1|Pearl River|New York
Crabtree Brewing|OQJeOY|Greeley|Colorado
Cape Cod Beer|jFLgkw|Hyannis|Massachusetts
Kern River Brewing|E1zSFp|Kernville|California
San Luis Valley Brewing|Z5oRX9|Alamosa|Colorado
Furthermore|JuFsla|Spring Green|Wisconsin
Port Brewing|DHwzhq|San Marcos|California
Gardner Ale House|dSo7uT|Gardner|Massachusetts
Mountain State Brewing|yJVm42|Thomas|West Virginia
Kannah Creek Brewing|d9U8Mi|Grand Junction|Colorado
Dolores River Brewery|LjKPCU|Dolores|Colorado
Abbey Wright Brewing|wXmTDU|Duboistown|Pennsylvania
Growlers|MrDtv3|Gaithersburg|Maryland
Rooster Fish Brewing|WQyasy|Watkins Glen|New York
Full Circle Brewing Co|qdMe9q|Fresno|California
Walldorff Brewpub & Bistro|gzYhJo|Hastings|Michigan
Williamsburg AleWerks|2ONHw4|Williamsburg|Virginia
Tahquamenon Falls Brewery|O6Vs65|Newberry|Michigan
Moccasin Bend Brewing|zpGIxB|Chattanooga|Tennessee
Brickstone & Brewery|gbDsOW|Bourbonnais|Illinois
St. John Brewers|kdhkBc|Cruz Bay|St. John
Zion Canyon Brewing|nbraNY|Springdale|Utah
Sherwood Brewing|4ihK01|Shelby Township|Michigan
Placerville Brewing|0jYfnH|Placerville|California
Beer Valley Brewing|t3tKdn|Ontario|Oregon
Iron Hill|02Ne4w|Phoenixville|Pennsylvania
Kenco Farms|J2owl8|Sutton|West Virginia
Pagosa Brewing|At5v14|Pagosa Springs|Colorado
Hoppin Frog|w5OOQ5|Akron|Ohio
Black Lotus Brewing|R0cSPu|Clawson|Michigan
Humperdinks and Brewery|9satky|Dallas|Texas
Kenai River Brewing|5LLJ5X|Soldotna|Alaska
Sprague Farm & Brew Works|3mjLMk|Venango|Pennsylvania
Jergensen|UU1oEt|Adelanto|California
Laht Neppur Brewing|6QNMyS|Waitsburg|Washington
Vintage|4sxEI8|Leesburg|Virginia
Birdsview Brewing|HSXNFA|Birdsview|Washington
Schooner Exact Brewing|jYfgIh|Seattle|Washington
Voodoo Brewing|z5DqPC|Meadville|Pennsylvania
Lodi Beer|mzDbI2|Lodi|California
Brau Brothers Brewing|ID3cXr|Lucan|Minnesota
Flat Earth Brewing|AulWoF|St. Paul|Minnesota
Calapooia Brewing|iHi6KU|Albany|Oregon
Skyscraper Brewing|ZuNwhx|El Monte|California
Skookum Brewery|LGwKP5|Arlington|Washington
Dempseys Brewery|hHD54O|Watertown|South Dakota
Fort George Brewery|EqYxQd|Astoria|Oregon
Third BaseBrewery|PQKstw|Cedar Rapids|Iowa
John Harvard's|z2MPZY|Manchester|Connecticut
John Harvard's|z2MPZY|Cambridge|Massachusetts
John Harvard's|z2MPZY|Framingham|Massachusetts
John Harvard's|z2MPZY|Lakegrove|New York
Union Barrel Works|0P2rD3|Stevens|Pennsylvania
Chatham Brewing|cSJ6eN|Chatham|New York
Double Mountain Brewery and Taproom|WxtiJC|Hood River|Oregon
Saint Somewhere Brewing|Vgw8Kz|Tarpon Springs|Florida
Auburn Alehouse|iQmBa8|Auburn|California
Wild Mountain Smokehouse & Brewery|fsr1di|Nederland|Colorado
Stonecutters Brewhouse|aH39q4|Barre|Vermont
Hopworks Urban Brewery|1g0RBG|Portland|Oregon
Celestial Meads|C3qqZH|Anchorage|Alaska
Rivertowne Pour House|jVoFT3|Monroeville|Pennsylvania
Crow Peak Brewing|WkIaQj|Spearfish|South Dakota
Power House Brewing|tkaZbQ|Columbus|Indiana
Das Bierhaus|YsDJeg|Menomonie|Wisconsin
FiftyFifty Brewing|NPod8S|Truckee|California
Brown Street Brewery|ac2lB0|Rhinelander|Wisconsin
G.G. Brewers|DoOKNM|Glenside|Pennsylvania
Triangle Brewing|ahlcqI|Durham|North Carolina
Hollister Brewing|IvQTIf|Goleta|California
Tin Mill Brewing|Qk9thn|Hermann|Missouri
Worth Brewing|5hWjSw|Northwood|Iowa
Carters Brewing|FySS9C|Billings|Montana
Black Box Brewing Co|j6HbVI|Westlake|Ohio
The Brew Keeper|RH5181|North Ridgeville|Ohio
Tamarack Brewing|6ERqtA|Lakeside|Montana
Boulder Dam Brewing|0FylxP|Boulder City|Nevada
Tallgrass Brewing|0KVoaE|Manhattan|Kansas
Alamo Beer|uygijz|San Antonio|Texas
Wunder Brewing|P70tMB|San Francisco|California
Weasel Boy Brewing|Mgxzcw|Zanesville|Ohio
Mayflower Brewing|UIa4uJ|Plymouth|Massachusetts
Three Barrel Brewing|YTASRd|Del Norte|Colorado
Fletcher Street Brewing|oUy8BB|Alpena|Michigan
Del Norte Brewing|uQZmHI|Denver|Colorado
Blue Mountain Brewery|AZlvTJ|Afton|Virginia
COAST Brewing|nQPr2y|North Charleston|South Carolina
Quarry Brewery|1MgRdV|Butte|Montana
Nomad Brewing|fair8Q|Pittsfield|Massachusetts
Cody Brewing|195Jl2|Danvers|Massachusetts
Trade Route Brewing|vR4nXO|Pacific|Washington
Red Eye Brewing|n0tD5D|Wausau|Wisconsin
Nebraska Brewing|qcAp7N|Papillion|Nebraska
White Pine Brewing|LenMZf|Ely|Nevada
Elk Creek Cafe and Aleworks|ps8MZO|Millheim|Pennsylvania
Destihl & Brew Works|PBXvz0|Normal|Illinois
Mission Brewery|HbbSUo|Chula Vista|California
Hub City Brewing|GS2Lz4|Stanley|Iowa
Bull Falls Brewery|ch63ZJ|Wausau|Wisconsin
Horseheads Brewing|XYs5bX|Horseheads|New York
Philadelphia Brewing|I3zXID|Philadelphia|Pennsylvania
Linden Street Brewery|7WbFtq|Oakland|California
Milwaukee Brewing|5tSFYE|Milwaukee|Wisconsin
SanTan Brewing|tqnE1Q|Chandler|Arizona
Lone Peak Brewery|ULRVjx|Big Sky|Montana
Firemans Brew|6adHGZ|Woodland Hills|California
Moonshine|qRR84Y|Chicago|Illinois
Shade Mountain|fRelsm|Middleburg|Pennsylvania
McCann's|X1wyBJ|St. Cloud|Minnesota
Marshall Wharf Brewing|MGFWci|Belfast|Maine
Iron Hill|02Ne4w|Lancaster|Pennsylvania
Berwick Brewing|fgvVYQ|Berwick|Pennsylvania
Southern Oregon Brewing|GANyEU|Medford|Oregon
Buffalo Brewing|TDY11O|St. Louis|Missouri
Northern Ales|VOnxph|Northport|Washington
Bavarian Barbarian|lfsNEt|Williamsport|Pennsylvania
Spring House Brewing|W0G7sk|Conestoga|Pennsylvania
Chuckanut Brewery and Kitchen|5njNsw|Bellingham|Washington
Hangar Craft Brewery|peXEgv|Redlands|California
Round Barn Brewery & Winery|OaZYgf|Baroda|Michigan
Southern Star Brewing|Kp22MO|Conroe|Texas
Prison Brews|eHNd5H|Jefferson City|Missouri
Potosi Brewing|Q4eTmd|Potosi|Wisconsin
The Bruery|4MVtcc|Placentia|California
Buckbean Brewing|oDJkQb|Reno|Nevada
New English Brewing|mAe67E|San Diego|California
Bootleggers Brewery|YfZlHd|Fullerton|California
Roy Pitz Brewing|5sGQVl|Chambersburg|Pennsylvania
Napa Smith Brewery|l7He1U|Napa|California
Lift Bridge Brewery|OLmblj|Stillwater|Minnesota
sakeme|Ubu4S4|Sausalito|California
Skagway Brewing|ixDWFe|Skagway|Alaska
Grand Canyon Brewing|xcKkLh|Williams|Arizona
Marshall Brewing|MGFWci|Tulsa|Oklahoma
Copper Kettle Brewery|RsXBB4|Millmont|Pennsylvania
Back Street Brewery|Lbvvk1|Vista|California
Franconia Brewing|8RNPUe|McKinney|Texas
Blue Mountain Lodge|v65CCS|Orange City|Iowa
Right Brain Brewery|wzglGB|Traverse City|Michigan
Marble Brewery|sRFLYH|Albuquerque|New Mexico
Good People Brewing|fib7Lb|Birmingham|Alabama
Wedge Brewing|yO2ogr|Asheville|North Carolina
Two Beers Brewing|SABYve|Seattle|Washington
Barrel Brewing|YTASRd|Bend|Oregon
Crown Brewing|h88zok|Crown Point|Indiana
St. Elias Brewing|q3a5ty|Soldotna|Alaska
Rocky Mountain Brewery|UvE3zp|Colorado Springs|Colorado
Yakima Craft Brewing|ey4s2u|Yakima|Washington
Back Street Brewery|Lbvvk1|Ladera Ranch|California
Block  Brewery|UCrDF1|Corvallis|Oregon
Depot Deli and Lounge|YENVWh|Shenandoah|Iowa
Original Gravity Brewing|a7z4aQ|Milan|Michigan
Metropolitan Brewing|wi2NVb|Chicago|Illinois
Big Al Brewing|eyYenc|Seattle|Washington
Aspen Brewing|673NQh|Aspen|Colorado
Beaver Creek Brewery|ykEF4G|Wibaux|Montana
Blacksmith Brewing|cxYcHQ|Stevensville|Montana
Airdale Brewing|eCqaSS|San Diego|California
Deans Brothers Brewing|SdlSlW|Santa Ana|California
Barrio Brewing|ZNwc2R|Tucson|Arizona
Brewers Union Local|gxt5Wd|Oakridge|Oregon
Uncommon Brewers|tQ4l1C|Santa Cruz|California
B. Nektar Meadery|GOh8Oi|Ferndale|Michigan
Cave Mountain Brewing|L6gQ6y|Windham|New York
Einhorn Beer|FVL3NQ|San Luis Obispo|California
Salmon River Brewery|wm5dNi|McCall|Idaho
Listermann Brewing|iZqGpm|Cincinnati|Ohio
Earth Bread + Brewery|PxG0KA|Philadelphia|Pennsylvania
Bold City Brewery|d0Q374|Jacksonville|Florida
Three Creeks Brewing|5CHDpt|Sisters|Oregon
Cigar City Brewing|EYuZg3|Tampa|Florida
Beer Belly Brewers|Cp589j|Newton|Massachusetts
Great Crescent Brewery|DZbNSQ|Aurora|Indiana
The Brewerie at Union Station|3anpHS|Erie|Pennsylvania
Devil&rsquo;s Backbone Brewing|81qlWt|Roseland|Virginia
Freetail Brewing|t6klTR|San Antonio|Texas
Aviator Brewing|XRTc94|Fuquay Varina|North Carolina
Upslope Brewing|VjnZAd|Boulder|Colorado
St Francis Brewery &|ujtlp3|St Francis|Wisconsin
Crispin Cider|nCojAV|Minneapolis|Minnesota
Old Forge Brewing|NVXUnk|Danville|Pennsylvania
Blind Bat Brewery|S2n5TB|Centerport|New York
Pale Horse Brewing|B6DG8p|Salem|Oregon
Vertigo Brewing|K3Jy1E|Hillsboro|Oregon
Blue House Cafe|ImMO31|Vernonia|Oregon
Falcon Brewing|J5gNam|Parker|Colorado
Indigo Imp|dLPeS0|Cleveland|Ohio
Cellar Rats Brewery|NorULV|Madison|Ohio
Riverport Brewing|kgZB1G|Clarkston|Washington
Manchester Brewing|YUq4Eo|Concord|New Hampshire
Corner Cafe & Brewery|ECFMXw|Tequesta|Florida
Eastern Shore Brewing|njjqaj|St. Michaels|Maryland
Everybodys Brewing|DV4Kpb|White Salmon|Washington
Bull and Bones Brewhaus and Grill|O3eRGR|Blacksburg|Virginia
Joseph James Brewing|T1cUw6|Henderson|Nevada
LoneRider Brewing|d25euF|Raleigh|North Carolina
Back Street Brewery|Lbvvk1|Irvine|California
Yak and Yeti|De8Q5F|Arvada|Colorado
Inland Empire Brewing|OW2W3q|Riverside|California
Black Market Brewing|q9mkJy|Temecula|California
Main Street Grille and Brewing|bx3b1K|Garretsville|Ohio
The Olde Mecklenburg Brewery|3yerS2|Charlotte|North Carolina
Liberty Street Brewing|wB7G5N|Plymouth|Michigan
Craggie Brewing|lsziMe|Asheville|North Carolina
Lagniappe Brewing|tLXiON|Minneola|Florida
Run of the Mill Public House and Brewery|Bd8NZ3|Saco|Maine
The Peekskill Brewery|iEqfUq|Peekskill|New York
Wallace Brewing|Y9qSts|Wallace|Idaho
Old World Brewery|xmaedo|Phoenix|Arizona
Breakwater Brewing|s97B2z|Oceanside|California
Sonoma Springs Brewing|qgE4zU|Sonoma|California
COOP Ale Works|cKudBu|Oklahoma City|Oklahoma
th Street Brewing Co|3Cwn6s|Gresham|Oregon
Krash Brewery|SD2zlI|Riverside|California
OysterHouse Brewing|zCcJrf|Asheville|North Carolina
Little Giant Brewery|yTlgM9|Anna Maria|Florida
Hofbrauhaus Pittsburgh|OkpSym|Pittsburgh|Pennsylvania
Lucky Bucket Brewing|ZhGbaC|Omaha|Nebraska
Blue Hills Brewery|AButIj|Canton|Massachusetts
Boylan Bridge Brewpub|0WRKfW|Raleigh|North Carolina
Shooting Creek Farm Brewery|gop0Gz|Floyd|Virginia
Great River Brewery|I2JvV2|Davenport|Iowa
Tri-City Brewing|Owkz44|Bay City|Michigan
Black Raven Brewing|uHVh1e|Redmond|Washington
Winterport Winery|uJBIop|Winterport|Maine
Penobscot Bay Brewery|pYKaGv|Winterport|Maine
SKW Brewing|l8xFof|Newport|Oregon
Jefferson Street Brewery|tOP9E1|Lynchburg|Virginia
Four Friends Brewing|hcCgPK|Charlotte|North Carolina
Sapphire Mountain Brewing|egQUIK|Sapphire|North Carolina
Horny Goat|nB97NK|MIlwaukee|Wisconsin
Upright Brewing|N4p1nW|Portland|Oregon
Ale Industries|gLF6R7|Concord|California
Mayfield Brewing|g4mXj0|Belmont|California
Brix|gbDsOW|Pasadena|California
Hop Valley Brewing|8IJKF0|Springfield|Oregon
Petes & Brewhouse|5sGQVl|Sacramento|California
Crown Valley Brewing|8UEqKI|St. Genevieve|Missouri
Creekside Brewing|IT2OVG|San Luis Obispo|California
Ruddy Duck Brewery & Grill|NuaM0n|Solomons Island|Maryland
Fremont Brewing|W37YiO|Seattle|Washington
Lost Falls Brewery|XLGxj4|Colville|Washington
Amalgamated Brewing|jnSdDd|St. Louis|Missouri
Keuka Brewing|vMXkuZ|Hammondsport|New York
Mariposa Brewing|CntJ7G|Mariposa|California
Shadows Brewing|BRCrTl|Cheyenne|Wyoming
Bee Creek Brewery|phOfWZ|Brazil|Indiana
Breaker Brewing|oxMCya|Plains|Pennsylvania
Cocoa Beach Brewing|qyMFUm|Cocoa Beach|Florida
Blue Tractor BBQ & Brewery|y0BmWH|Ann Arbor|Michigan
Fire Island Beer|hRSzMV|Ocean Beach|New York
Brewtal Brewing|RpBxai|Bend|Oregon
Gruhlkes Microbrewery|zAwi4U|Berger|Missouri
Cathedral Square Brewery|6TEno6|Saint Louis|Missouri
Mother Earth Brewing|LZ4UuN|Kinston|North Carolina
The River & Brewery|OUqh1N|Radford|Virginia
Roanoke Railhouse|B0UOTX|Roanoke|Virginia
Sun King Brewing|mOFDzh|Indianapolis|Indiana
Brickworks Brewing|s97B2z|Hobart|Indiana
Hollywood Beach Brewing|htr49u|Oxnard|California
Coastal Brewing|23rTLq|Annapolis|Maryland
Idaho Brewing|CrEWhc|Idaho Falls|Idaho
Colorado Boy Pub and Brewery|5bnrne|Ridgway|Colorado
Palouse Falls Brewing|PjesRh|Pullman|Washington
Dust Bowl Brewing|Xnf2WT|Turlock|California
Stateline Brewery|tVncgU|South Lake Tahoe|California
Brewbakers Brewing|1Bwkag|Visalia|California
Rust Belt Brewing|nwrBiU|Youngstown|Ohio
Denali Brewing|JavtDp|Talkeetna|Alaska
Revolution Brewing|PHkaP0|Paonia|Colorado
Old Mill Brewery and Grill|UVhQ24|Littleton|Colorado
Maine Beer|xgrmyW|Portland|Maine
Record Street Brewing|HVOo4o|Reno|Nevada
Iron Hill|02Ne4w|Maple Shade|New Jersey
Mile Brewing|sJN5L6|Georgetown|Delaware
Blind Pig Brewery|1xeovq|Champaign|Illinois
Barrier Brewing|vYTGzr|Oceanside|New York
Mustang Brewing|6wohdy|Mustang|Oklahoma
Union Cattle|7pvFRb|Hermosa Beach|California
Greenport Harbor Brewing|b15cO3|Greenport|New York
CB & Potts Highlands Ranch|7nI490|Highlands Ranch|Colorado
Lagerhaus Brewery and Grill|lA94r8|Palm Harbor|Florida
Seas Brewing|wTFQaf|Gig Harbor|Washington
th Street Brewpub|PZOy9a|Sedalia|Missouri
White Birch Brewing|ryrGks|Hooksett|New Hampshire
Prism Beer|YNRamL|Lafayette Hill|Pennsylvania
DOG Brewing|yX6twV|Westminster|Maryland
Firehouse Grill Brewery|EMz3al|Mansfield|Texas
Long Brewing|2ntvtp|Newberg|Oregon
Becker Brewing|4jt92U|Gasport|New York
Battered Boar Brewing|QL72Uk|Edmond|Oklahoma
Horsefly Brewing|1oajgC|Montrose|Colorado
Mt. Emily Ale House|tvKGeF|La Grande|Oregon
Abbey Beverage|uA7DZB|Pecos|New Mexico
Breakaway Brewing|s97B2z||Washington
Old North State Winery|gv1egz|Mount Airy|North Carolina
Rock Bottom|D1UQzj|Westminster|Colorado
Main Street Brewing|vtSsKn|Cortez|Colorado
Broadway Brewery|nsK95f|Columbia|Missouri
Rapscallion|QYENcV|Holyoke|Massachusetts
Beekman & Beekman|Vmf00H|Hughson|California
Wolf Hills Brewing|lTT4Ot|Abingdon|Virginia
Back Forty Beer|KkUzjZ|Birmingham|Alabama
Grove Street Brewhouse|8DmHcB|Shelton|Washington
Fulton Beer|5GoGSi|Minneapolis|Minnesota
Pabst Brewing|AKyyYN|Woodridge|Illinois
Shmaltz Brewing|hgjj29|San Francisco|California
Fountain City Brewing|8j1nFE|Fountain City|Wisconsin
BluCreek Brewing|8qu3SP|Madison|Wisconsin
Fauerbach Brewing|fVTmDq|Madison|Wisconsin
Galena Beer|pJXdLz|Galena|Illinois
Scrooge & Marley Gifts|GjuzGh|Medina|Ohio
Petes Brewing|5sGQVl|San Antonio|Texas
Pretty Things Beer and Ale Project|oe2DQp|Cambridge|Massachusetts
Pipeworks Brewing|fz3g3i|Chicago|Illinois
Straight To Ale|ZHjxcR|Huntsville|Alabama
Big Woods Brewing|f8oZ5j|Nashville|Indiana
Middle Villa Inn & Micro Brewery|Nz7Odc|Middleville|Michigan
Nantahala Brewing|gINfbT|Bryson City|North Carolina
Lone Pint Brewery|pQw6oS|Houston|Texas
Port Aransas Brewing|FN0I69|Port Aransas|Texas
Lander Brewing|T4Tvlk|Lander|Wyoming
Snowy Mountain Brewery|u8Rbm0|Saratoga|Wyoming
Great Sex Brewing|BfzoOh|Redding|California
Finnegan|2lkXLw|Minneapolis|Minnesota
Battlefield Brewing|TKwUTr|Fredericksburg|Virginia
Black Fox Brewing|a3S1xb|Colorado Springs|Colorado
Boaks|mwMASO|Pompton Lakes|New Jersey
Asher Brewing|TnKZHG|Boulder|Colorado
Ghost River Brewing|MNe05B|Memphis|Tennessee
Chattahoochee Brewing|HeStKS|Phenix City|Alabama
War Horse Brewing|sDeDfo|Geneva|New York
Colorado Mountain Brewery|YQJ1bz|Colorado Springs|Colorado
Boone Brewing|TxaTZN|Blowing Rock|North Carolina
Orange Blossom Pilsner|uKN7rI|Orlando|Florida
New Planet Beer|A4WPqG|Boulder|Colorado
High & Mighty Beer Co|3H02yz|Holyoke|Massachusetts
Wolf Beer|wRZonU|Wilmington|North Carolina
Peak Organic Brewing|CKJPHO|Portland|Maine
Odin Brewing|V8LP7a|Seattle|Washington
Morgantown Brewing|mhZDXS|Morgantown|West Virginia
Leelanau Brewing|ofE2TI|Lake Leelanau|Michigan
Elizabeth Street Brewery|ngOd0N|San Francisco|California
Peace Tree Brewing|zOXpwx|Knoxville|Iowa
Golden Hills Brewing|yhMoEc|Airway Heights|Washington
Lexington Avenue Brewery|kFqi12|Asheville|North Carolina
One Beer|cFtnoN||Michigan
Gold Hill Brewery|0UlisL|Placerville|California
Swamp Head Brewery|lh4CHM|Gainesville|Florida
Bank Beer|Y5JQH3|Hendricks|Minnesota
Strand Brewing|BbSlls|Torrance|California
Eagle Rock Brewery|aCW7DF|Los Angeles|California
Alcatraz Brewing|XIPWtQ|Orange|California
Battle Ground Brewery|r1DgKQ|Franklin|Tennessee
ReaperAle Brewing|fBfzvN|Lake Elsinore|California
Palo Alto Brewing|MCuJ2M|Palo Alto|California 
Six Row Brewing|wURFd8|St. Louis|Missouri
Wilbur Brewhause|W4JNkr|Martinsville|Indiana
Figure Eight Brewing|f1Q5dG|Valparaiso|Indiana
New Jersey Beer|8Ylsx7|North Bergen|New Jersey
Lumberyard Brewing|C0zPjd|Flagstaff|Arizona
Abilene Brewing|9QCoxZ|Abilene|Texas
Lost River Brewing|SuE1Td|Wardensville|West Virginia
Fire Mountain Brew House|MvkwXs|Carlton|Oregon
Vintage Brewing|4sxEI8|Madison|Wisconsin
Hill Farmstead Brewery|fPH7nq|Greensboro|Vermont
Noble Ale Works|ksUh6Y|Anaheim|California
Healdsburg Beer|LXOt7C|Healdsburg|California
Toppling Goliath|ZQo2s5|Decorah|Iowa
Farmers Brewing|SaQFBA|Shawano|Wisconsin
Crazy Mountain Brewing|NhT0t2|Avon|Colorado
Tandem|73Fbb1|Suttons Bay|Michigan
Lucette Brewing|OIROBN|Menomonie|Wisconsin
Bayou Teche Brewery|CZ6MCK|Arnaudville|Louisiana
Stillwater Artisanal Ales|UgR74t|Baltimore|Maryland
Boothbay Craft Brewery|DBkLHq|Boothbay|Maine
Argus Brewery|KnMQZD|Chicago|Illinois
Revolution Brewing|PHkaP0|Chicago|Illinois
Lucky Hand Brewing|cvt0UF|Novato|California
Papago Brewing|SmpY1A|Scottsdale|Arizona
C.B. & Potts|Thbhby|Fort Collins|Colorado
Abbey Brewing|fe44im|Miami Beach|Florida
Western Pacific Brewing|71LkGn|Oroville|California
Chameleon Brewing|SUhNVs|Glendale|Wisconsin
Rifle Brewing|dy3dXW|Rifle|Colorado
Madhouse Brewing|QQpuA2|Newton|Iowa
Wormtown Brewing|bKPbvo|Worcester|Massachusetts
Blue Diamond Brewing|kaMWbG|St Paul|Minnesota
Lewistown Brewing|1vzD8f|Lewistown|Montana
Ambacht|ro7Zi3|Hillsboro|Oregon
Migration Brewing|EwHp5v|Portland|Oregon
Big Muddy Brewing|oBe8dQ|Murphysboro|Illinois
Parish Brewing|t0Y73R|Broussard|Louisiana
Flat Tail Brewing|ZrWVsJ|Corvallis|Oregon